[Header],,,,,,,,,
IEMFileVersion,4,,,,,,,,
Experiment Name,MiSeq_Myeloid_2020_79,,,,,,,,
Date,11/24/2020,,,,,,,,
Workflow,PCR Amplicon,,,,,,,,
Application,PCR Amplicon,,,,,,,,
Assay,O Fluidigm 241_288,,,,,,,,
Description,,,,,,,,,
Chemistry,Default,,,,,,,,
,,,,,,,,,
[Manifests],,,,,,,,,
A,Myeloid panel Manifest NEW.txt,,,,,,,,
,,,,,,,,,
[Reads],,,,,,,,,
151,,,,,,,,,
151,,,,,,,,,
,,,,,,,,,
[Settings],,,,,,,,,
CustomRead1PrimerMix,C1,,,,,,,,
CustomIndexPrimerMix,C2,,,,,,,,
CustomRead2PrimerMix,C3,,,,,,,,
VariantCaller,Somatic,,,,,,,,
FilterPCRDuplicates,0,,,,,,,,
VariantFilterQualityCutoff,30,,,,,,,,
Adapter,ACACTGACGACATGGTTCTACA,,,,,,,,
AdapterRead2,TACGGTAGCAGAGACTTGGTCT,,,,,,,,
,,,,,,,,,
[Data],,,,,,,,,
Sample_ID,Sample_Name,Sample_Plate,Sample_Well,I7_Index_ID,index,Manifest,GenomeFolder,Sample_Project,Description
H00001/99,,MiSeq_Myeloid_2020_79,A01,FLD0241,CGTAATGAGC,A,Homo_sapiens\UCSC\hg19\Sequence\WholeGenomeFASTA,,
H00002/99,,MiSeq_Myeloid_2020_79,A02,FLD0249,TGGAGCATGT,A,Homo_sapiens\UCSC\hg19\Sequence\WholeGenomeFASTA,,
H00003/99,,MiSeq_Myeloid_2020_79,A03,FLD0257,GTTCTTCGTA,A,Homo_sapiens\UCSC\hg19\Sequence\WholeGenomeFASTA,,
H00004/99,,MiSeq_Myeloid_2020_79,A04,FLD0265,TCGAATGTGC,A,Homo_sapiens\UCSC\hg19\Sequence\WholeGenomeFASTA,,
H00005/99,,MiSeq_Myeloid_2020_79,A05,FLD0273,CTAAGTCATG,A,Homo_sapiens\UCSC\hg19\Sequence\WholeGenomeFASTA,,
H00006/99,,MiSeq_Myeloid_2020_79,A06,FLD0281,TGTTACGATC,A,Homo_sapiens\UCSC\hg19\Sequence\WholeGenomeFASTA,,
H00007/99,,MiSeq_Myeloid_2020_79,B01,FLD0242,TTGCTTAGTC,A,Homo_sapiens\UCSC\hg19\Sequence\WholeGenomeFASTA,,
H00008/99,,MiSeq_Myeloid_2020_79,B02,FLD0250,GAAGGAGATA,A,Homo_sapiens\UCSC\hg19\Sequence\WholeGenomeFASTA,,
H00009/99,,MiSeq_Myeloid_2020_79,B03,FLD0258,TTACACGTTC,A,Homo_sapiens\UCSC\hg19\Sequence\WholeGenomeFASTA,,
H00010/99,,MiSeq_Myeloid_2020_79,B04,FLD0266,TCGCTGAACA,A,Homo_sapiens\UCSC\hg19\Sequence\WholeGenomeFASTA,,
H00011/99,,MiSeq_Myeloid_2020_79,B05,FLD0274,TTGCAGATCA,A,Homo_sapiens\UCSC\hg19\Sequence\WholeGenomeFASTA,,
H00012/99,,MiSeq_Myeloid_2020_79,B06,FLD0282,GTCTTGGCTC,A,Homo_sapiens\UCSC\hg19\Sequence\WholeGenomeFASTA,,
H00013/99,,MiSeq_Myeloid_2020_79,C01,FLD0243,TCTTGTTCAC,A,Homo_sapiens\UCSC\hg19\Sequence\WholeGenomeFASTA,,
H00014/99,,MiSeq_Myeloid_2020_79,C02,FLD0251,CGAATGTATG,A,Homo_sapiens\UCSC\hg19\Sequence\WholeGenomeFASTA,,
H00015/99,,MiSeq_Myeloid_2020_79,C03,FLD0259,GTAGCCAGTA,A,Homo_sapiens\UCSC\hg19\Sequence\WholeGenomeFASTA,,
H00016/99,,MiSeq_Myeloid_2020_79,C04,FLD0267,GCGTTATTGC,A,Homo_sapiens\UCSC\hg19\Sequence\WholeGenomeFASTA,,
H00017/99,,MiSeq_Myeloid_2020_79,C05,FLD0275,CTGCGAATGT,A,Homo_sapiens\UCSC\hg19\Sequence\WholeGenomeFASTA,,
H00018/99,,MiSeq_Myeloid_2020_79,C06,FLD0283,GGTCGTGCAT,A,Homo_sapiens\UCSC\hg19\Sequence\WholeGenomeFASTA,,
H00019/99,,MiSeq_Myeloid_2020_79,D01,FLD0244,GTGGCTTCGT,A,Homo_sapiens\UCSC\hg19\Sequence\WholeGenomeFASTA,,
H00020/99,,MiSeq_Myeloid_2020_79,D02,FLD0252,TCGTGAATGA,A,Homo_sapiens\UCSC\hg19\Sequence\WholeGenomeFASTA,,
H00021/99,,MiSeq_Myeloid_2020_79,D03,FLD0260,TGAGAAGGTA,A,Homo_sapiens\UCSC\hg19\Sequence\WholeGenomeFASTA,,
H00022/99,,MiSeq_Myeloid_2020_79,D04,FLD0268,GAACTATCAC,A,Homo_sapiens\UCSC\hg19\Sequence\WholeGenomeFASTA,,
H00023/99,,MiSeq_Myeloid_2020_79,D05,FLD0276,CTGTTCTAGC,A,Homo_sapiens\UCSC\hg19\Sequence\WholeGenomeFASTA,,
H00024/99,,MiSeq_Myeloid_2020_79,D06,FLD0284,CAGGCTCAGT,A,Homo_sapiens\UCSC\hg19\Sequence\WholeGenomeFASTA,,
H00025/99,,MiSeq_Myeloid_2020_79,E01,FLD0245,TGTTCGATAG,A,Homo_sapiens\UCSC\hg19\Sequence\WholeGenomeFASTA,,
H00026/99,,MiSeq_Myeloid_2020_79,E02,FLD0253,GAATAGCTGA,A,Homo_sapiens\UCSC\hg19\Sequence\WholeGenomeFASTA,,
H00027/99,,MiSeq_Myeloid_2020_79,E03,FLD0261,CCATATGATC,A,Homo_sapiens\UCSC\hg19\Sequence\WholeGenomeFASTA,,
H00028/99,,MiSeq_Myeloid_2020_79,E04,FLD0269,TCGAGGTACT,A,Homo_sapiens\UCSC\hg19\Sequence\WholeGenomeFASTA,,
H00029/99,,MiSeq_Myeloid_2020_79,E05,FLD0277,CACTTGTGTG,A,Homo_sapiens\UCSC\hg19\Sequence\WholeGenomeFASTA,,
H00030/99,,MiSeq_Myeloid_2020_79,E06,FLD0285,TAGCTTCACT,A,Homo_sapiens\UCSC\hg19\Sequence\WholeGenomeFASTA,,
H00031/99,,MiSeq_Myeloid_2020_79,F01,FLD0246,TCATTCAGTG,A,Homo_sapiens\UCSC\hg19\Sequence\WholeGenomeFASTA,,
H00032/99,,MiSeq_Myeloid_2020_79,F02,FLD0254,TTGTCACATC,A,Homo_sapiens\UCSC\hg19\Sequence\WholeGenomeFASTA,,
H00033/99,,MiSeq_Myeloid_2020_79,F03,FLD0262,CGATCCTATA,A,Homo_sapiens\UCSC\hg19\Sequence\WholeGenomeFASTA,,
H00034/99,,MiSeq_Myeloid_2020_79,F04,FLD0270,TGCGGATGGT,A,Homo_sapiens\UCSC\hg19\Sequence\WholeGenomeFASTA,,
H00035/99,,MiSeq_Myeloid_2020_79,F05,FLD0278,TGGATGACAT,A,Homo_sapiens\UCSC\hg19\Sequence\WholeGenomeFASTA,,
H00036/99,,MiSeq_Myeloid_2020_79,F06,FLD0286,CAGATGTCCT,A,Homo_sapiens\UCSC\hg19\Sequence\WholeGenomeFASTA,,
H00037/99,,MiSeq_Myeloid_2020_79,G01,FLD0247,GTGGAGAGCT,A,Homo_sapiens\UCSC\hg19\Sequence\WholeGenomeFASTA,,
H00038/99,,MiSeq_Myeloid_2020_79,G02,FLD0255,CTGGAGGCTA,A,Homo_sapiens\UCSC\hg19\Sequence\WholeGenomeFASTA,,
H00039/99,,MiSeq_Myeloid_2020_79,G03,FLD0263,TGACTAGCTT,A,Homo_sapiens\UCSC\hg19\Sequence\WholeGenomeFASTA,,
H00040/99,,MiSeq_Myeloid_2020_79,G04,FLD0271,TTCGAGCTAT,A,Homo_sapiens\UCSC\hg19\Sequence\WholeGenomeFASTA,,
H00041/99,,MiSeq_Myeloid_2020_79,G05,FLD0279,GATCCTGAGC,A,Homo_sapiens\UCSC\hg19\Sequence\WholeGenomeFASTA,,
H00042/99,,MiSeq_Myeloid_2020_79,G06,FLD0287,TTACGCAGTG,A,Homo_sapiens\UCSC\hg19\Sequence\WholeGenomeFASTA,,
H00043/99,,MiSeq_Myeloid_2020_79,H01,FLD0248,GTAGAAGTGG,A,Homo_sapiens\UCSC\hg19\Sequence\WholeGenomeFASTA,,
H00044/99,,MiSeq_Myeloid_2020_79,H02,FLD0256,TGTCAGCTTA,A,Homo_sapiens\UCSC\hg19\Sequence\WholeGenomeFASTA,,
H00045/99,,MiSeq_Myeloid_2020_79,H03,FLD0264,TAACTCTGCT,A,Homo_sapiens\UCSC\hg19\Sequence\WholeGenomeFASTA,,
H00046/99a,,MiSeq_Myeloid_2020_79,H04,FLD0272,GGTCTGGTGT,A,Homo_sapiens\UCSC\hg19\Sequence\WholeGenomeFASTA,,
H00046/99b,,MiSeq_Myeloid_2020_79,H05,FLD0280,GTCGGTCTGA,A,Homo_sapiens\UCSC\hg19\Sequence\WholeGenomeFASTA,,
H12345/16,,MiSeq_Myeloid_2020_79,H06,FLD0288,TTCGTTCCTG,A,Homo_sapiens\UCSC\hg19\Sequence\WholeGenomeFASTA,,